{"methodology": "K-FOLD Cross Validation", "iterations": 5, "percentile": 0.8, "metrics": {"0": {"correct_classifications": 900, "true_positive": 333, "true_negative": 567, "false_positive": 0, "false_negative": 0, "precision": 1.0, "recall": 1.0, "f1_score": 1.0, "mcc_score": 1.0, "accuracy": 1.0}, "1": {"correct_classifications": 900, "true_positive": 310, "true_negative": 590, "false_positive": 0, "false_negative": 0, "precision": 1.0, "recall": 1.0, "f1_score": 1.0, "mcc_score": 1.0, "accuracy": 1.0}, "2": {"correct_classifications": 899, "true_positive": 350, "true_negative": 549, "false_positive": 0, "false_negative": 2, "precision": 1.0, "recall": 0.9943181818181818, "f1_score": 0.9971509971509972, "mcc_score": 0.9953436800484082, "accuracy": 0.9977802441731409}, "3": {"correct_classifications": 347, "true_positive": 134, "true_negative": 213, "false_positive": 14, "false_negative": 1, "precision": 0.9054054054054054, "recall": 0.9925925925925926, "f1_score": 0.9469964664310954, "mcc_score": 0.9157011690002819, "accuracy": 0.9585635359116023}, "4": {"correct_classifications": 204, "true_positive": 74, "true_negative": 130, "false_positive": 15, "false_negative": 0, "precision": 0.8314606741573034, "recall": 1.0, "f1_score": 0.9079754601226994, "mcc_score": 0.863393016516011, "accuracy": 0.9315068493150684}}, "summary": {"correct_classifications": 650.0, "true_positive": 240.2, "true_negative": 409.8, "false_positive": 5.8, "false_negative": 0.6, "precision": 0.9473732159125416, "recall": 0.9973821548821548, "f1_score": 0.9704245847409585, "mcc_score": 0.9548875731129403, "accuracy": 0.9775701258799623}}