{"methodology": "K-FOLD Cross Validation", "iterations": 5, "percentile": 0.8, "metrics": {"0": {"correct_classifications": 900, "true_positive": 333, "true_negative": 567, "false_positive": 0, "false_negative": 0, "precision": 1.0, "recall": 1.0, "f1_score": 1.0, "mcc_score": 1.0, "accuracy": 1.0}, "1": {"correct_classifications": 900, "true_positive": 337, "true_negative": 563, "false_positive": 0, "false_negative": 0, "precision": 1.0, "recall": 1.0, "f1_score": 1.0, "mcc_score": 1.0, "accuracy": 1.0}, "2": {"correct_classifications": 898, "true_positive": 317, "true_negative": 581, "false_positive": 2, "false_negative": 1, "precision": 0.9937304075235109, "recall": 0.9968553459119497, "f1_score": 0.9952904238618524, "mcc_score": 0.9927182530558772, "accuracy": 0.9966703662597114}, "3": {"correct_classifications": 349, "true_positive": 128, "true_negative": 221, "false_positive": 0, "false_negative": 0, "precision": 1.0, "recall": 1.0, "f1_score": 1.0, "mcc_score": 1.0, "accuracy": 0.9640883977900553}, "4": {"correct_classifications": 205, "true_positive": 70, "true_negative": 135, "false_positive": 1, "false_negative": 0, "precision": 0.9859154929577465, "recall": 1.0, "f1_score": 0.9929078014184397, "mcc_score": 0.9892755502553661, "accuracy": 0.9360730593607306}}, "summary": {"correct_classifications": 650.4, "true_positive": 237.0, "true_negative": 413.4, "false_positive": 0.6, "false_negative": 0.2, "precision": 0.9959291800962514, "recall": 0.9993710691823899, "f1_score": 0.9976396450560584, "mcc_score": 0.9963987606622486, "accuracy": 0.9793663646820996}}